¥1000,OA办公企业管理餐饮电商教育培训saas系统定制,木风软件-国家高新企业15年店
¥3000,微信小程序会员分销商城招聘直播点餐预约,南京捷创科技
¥100,|saas软件|sass|saas管理,MES-生产管理-防伪溯源-物联网-APS排产-WMS-车间
¥5088,精准营销【拓客宝】精准获客系统,八戒软件开发服务
¥2000,微信小程序会员分销商城招聘直播点餐预约,南京捷创科技
¥5,发票查验|saas增值税电子发票真伪验证校验,八戒工商财税服务
¥138,房产美容健身能源erp管理saas后台系统ui界,鹿跃设计
¥2988,企业财务管理saas系统|代账云财务管理软件系统,八戒工商财税服务
¥168,B2C商城独立站建设/saas电商商城开发建设,海贝石科技
¥1000,app开发定制外包物联网教育电商城直播安卓软件,京科智汇重庆科技有限公司
¥1000,进销存|软件应用开发|saas软件|系统开发|成品软件,跟进数科
¥10000,app开发定制物联网教育安卓苹果IOS软件,聚诚13年国高专精特新实体企业
¥1000,软件开发ERP管理软件开发saas软件OA办公系统定制,起搏软件-专业12年软件开发
¥600,系统界面软件ui后台管理网页设计saas设计erp设计网站,艺站库设计-一站式设计解决方案
¥1000,微信商城NFT数字藏品前端小程序定制开发,北京麦萌科技有限公司
¥2100,能源管理碳管理碳排放碳达峰项目管理saas生产管,木风软件-国家高新企业15年店
¥1000,商城电商网站外贸独立站H5定制软件开发,三只熊科技
¥5000,系统定制开发/saas软件开发,云兴软件科技
¥107,软件开发网站定制OA系统CRM系统saas平台ERP系统,汇创时代-已获得千万级天使轮
¥200,数智社区saas平台,天智通
¥2980,企saas软件办公OA进销存crm管理系统erp定制开发,安徽高智网络科技有限公司
¥150,掌上预约服务saas平台,蓉辰软件十年品质
¥6800,快速部署-社交电商系统，saas交付/源码交付,慧科盈商
¥3500,SIP服务软件定制化,呼呼通saas呼叫中心
¥899,模板saas建网站/模板站/微站搭建制作模板商城,匠通科技-10年专注互联网开发-猪八戒行业之星
¥4999,电商APP服务|电商小程序及商城,中创云服-高品质软件服务商
¥1980,北京/苏州医院预约挂号系统H5saas成品专业小程序开发,匠通科技-10年专注互联网开发-猪八戒行业之星
¥5999,微信小程序商城saas开发服务,千鸟互联
¥99,软件开发/saas平台/多商户商城/AI/区块链,壹加云
¥3000,"微信小程序定制开发购物商城,多门店商城,saas商城",如峰网络
¥1899,小程序开发H5公众号APP开发支持二三级分销商城,珊泽网络服务
¥10000,能源管理碳管理碳排放碳达峰项目管理saas生产管理MES,完梦科技-有梦想找完梦
¥2000,app开发定制外包物联电商城直播购物医疗安卓软件,皮皮虾科技★专业定制开发
¥198,跨境POD供应链柔性化定制saas系统,青岛蓝图科技-为您提供技术支持
¥100,小程序定制开发saas商城前端后端游戏UI设计定制开发,皮皮虾科技★专业定制开发
¥1,点餐小程序系统开发java源码外卖预约,青岛蓝图科技-为您提供技术支持
¥10000,微信抖音支付宝saas模板小程序分销商城源码定制,书坤网络--十年老店值得信赖
¥1000,X/YouTube/TikTok社媒营销获客系统,海贝石科技
¥4588,【旗舰产品】商城小程序开发-快速搭建商城,八戒软件开发服务
¥10,分销商城小程序H5 营销拼团秒杀运营朋友圈源码,成都辰宁科技
¥1000,AI智能/物联网/自动化控制/上位机/CS通讯/远程备份,艾迪科技
¥10,家装行业小程序公众号装修门店分销全屋测算新人有礼,成都辰宁科技
¥100,微信开发小程序定制开发源码社交电商saas开发,上海延喻科技-全国top服务商
¥100,系统OA办公财务系统企业管理软件开发定制,迷古科技-斩获上海市科技成果一等奖
¥100,系统研发企业管理协同软件办公系统定制开发,上海延喻科技-全国top服务商
¥100,IT交通运输农林牧渔erp网页saas后台系统ui界面设,千红视觉
¥850,物业管理系统saas定制智慧园区3d大屏程序开发,凯林数字
¥200,系统界面软件ui后台管理网页设计saas设计er,千红视觉
¥1300,软件开发/电商saas/医疗,帮利智能科技-10年系统开发
¥101,系统网站APP小程序开发智慧教育医疗电商物流方案,安智通
¥200,定制系统开发CRM客户管理系统,本亚信息科技
¥1980,给家政公司做电子简历，查背调，三方面试，电子合同,开家政就用熊猫系统
¥1000,一站式客服运营解决方案,成都科易视讯科技有限公司
¥20000,物联网/水利/地灾/智能设备saas平台,成都云智北斗科技有限公司
¥5000,为您提供业财一体化平台saas化服务或定制化开发,GeeGuo
¥1500,网络安全|远程办公服务,杭州奕锐电子有限公司
¥2000,记账报税、营业执照、民办非企业办理、变更、注销、,运财企业服务
¥1000,为人资劳务派遣公司搭建自己的平台,广东前景企业管理有限公司
¥3000,企业内部培训系统/教职人员/考试/线上学习项目,萌曰学习系统
¥500,微信小程序商城（saas*版）,菲腾网络科技
